Term,Type
CRUK,AMRC
DEBRA,AMRC
SPARKS,AMRC
Tenovus,AMRC
BackCare,AMRC
Asthma UK,AMRC
Asthma UK,AMRC
Diabetes UK,AMRC
Breast Cancer,AMRC
Meningitis UK,AMRC
Migraine Trust,AMRC
PBC Foundation,AMRC
Wellcome Trust,AMRC
BUPA Foundation,AMRC
WellChild Trust,AMRC
Meningitis Trust,AMRC
The Baby Charity,AMRC
Heart Research UK,AMRC
Little Foundation,AMRC
Cancer Research UK,AMRC
Healing Foundation,AMRC
Hypertension Trust,AMRC
Inspire Foundation,AMRC
Kidney Research UK,AMRC
Stroke Association,AMRC
Wellbeing of Women,AMRC
Action on Addiction,AMRC
Alzheimer's Society,AMRC
British Liver Trust,AMRC
Nuffield Foundation,AMRC
British Pain Society,AMRC
Deafness Research UK,AMRC
Kids Kidney Research,AMRC
Wessex Medical Trust,AMRC
Cystic Fibrosis Trust,AMRC
Dunhill Medical Trust,AMRC
Ovarian Cancer Action,AMRC
Breast Cancer Campaign,AMRC
Circulation Foundation,AMRC
Action Medical Research,AMRC
British Lung Foundation,AMRC
British Skin Foundation,AMRC
CFS Research Foundation,AMRC
Children with Leukaemia,AMRC
PBC Foundation (UK) Ltd,AMRC
Blackie Foundation Trust,AMRC
British Heart Foundation,AMRC
Ulster Cancer Foundation,AMRC
Medical Research Scotland,AMRC
Society for Endocrinology,AMRC
Alzheimer's Research Trust,AMRC
alzheimers research uk,AMRC
World Cancer Research Fund,AMRC
Arthritis Research Campaign,AMRC
Arthritis Research UK,AMRC
Muscular Dystrophy Campaign,AMRC
Remedi Research into Ageing,AMRC
Guy's and St Thomas' Charity,AMRC
National Eye Research Centre,AMRC
Ataxia-Telangiectasia Society,AMRC
EMF Biological Research Trust,AMRC
Foundation for Liver Research,AMRC
National Osteoporosis Society,AMRC
Marie Curie Research Institute,AMRC
Meningitis Research Foundation,AMRC
Tuberous Sclerosis Association,AMRC
Neuro-Disability Research Trust,AMRC
North West Cancer Research Fund,AMRC
"Chest, Heart and Stroke Scotland",AMRC
Huntington's Disease Association,AMRC
Sir Jules Thorn Charitable Trust,AMRC
Blond McIndoe Research Foundation,AMRC
Brain Research Trust Breakthrough,AMRC
Mason Medical Research Foundation,AMRC
Motor Neurone Disease Association,AMRC
Roy Castle Lung Cancer Foundation,AMRC
William Harvey Research Foundation,AMRC
British Neurological Research Trust,AMRC
Children's Liver Disease Foundation,AMRC
Chronic Disease Research Foundation,AMRC
International Spinal Research Trust,AMRC
Novo Nordisk UK Research Foundation,AMRC
Samantha Dickson Brain Tumour Trust,AMRC
Alcohol & Education Research Council,AMRC
British Retinitis Pigmentosa Society,AMRC
Epilepsy Research UK Fight for Sight,AMRC
Fight for sight,AMRC
Ludwig Institute for Cancer Research,AMRC
Primary Immunodeficiency Association,AMRC
Royal College of Surgeons of England,AMRC
Juvenile Diabetes Research Foundation,AMRC
Parkinson's Disease Society of the UK,AMRC
British Sj?gren's Syndrome Association,AMRC
Diabetes Research & Wellness Foundation,AMRC
Lister Institute of Preventive Medicine,AMRC
Northern Ireland Leukaemia Research Fund,AMRC
Core (The Digestive Disorders Foundation),AMRC
Foundation for the Study of Infant Deaths,AMRC
Progressive Supranuclear Palsy Association,AMRC
British Council for Prevention of Blindness,AMRC
Restoration of Appearance and Function Trust,AMRC
Association for International Cancer Research,AMRC
Chronic Granulomatous Disorder Research Trust,AMRC
Association for Spina Bifida and Hydrocephalus,AMRC
Beit Memorial Fellowships for Medical Research,AMRC
British Occupational Health Research Foundation,AMRC
SPARKS - The Children?s Medical Research Charity,AMRC
Bardhan Research and Education Trust of Rotherham,AMRC
National Association for Colitis & Crohn's Disease,AMRC
"Northern Ireland Chest, Heart and Stroke Association",AMRC
"St Peter's Trust for Kidney, Bladder & Prostate Research",AMRC
Prostate Cancer Research Foundation Psoriasis Association,AMRC
Multiple Sclerosis Society of Great Britain and Northern Ireland,AMRC
BTCV,CharityList
OXFAM,CharityList
SCOPE,CharityList
CYLCH,CharityList
DEBRA,CharityList
AGE UK,CharityList
LANTRA,CharityList
IMAGINE,CharityList
TENOVUS,CharityList
TEARFUND,CharityList
WWF - UK,CharityList
WATERAID,CharityList
PANAHPUR,CharityList
TY HAFAN,CharityList
AFRIKIDS,CharityList
ACTIONAID,CharityList
SUE RYDER,CharityList
CRISIS UK,CharityList
ASTHMA UK,CharityList
LIFE 2009,CharityList
STONYHURST,CharityList
DOGS TRUST,CharityList
BARNARDO'S,CharityList
MUSLIM AID,CharityList
SAMARITANS,CharityList
EVERYCHILD,CharityList
LIVABILITY,CharityList
FAIRBRIDGE,CharityList
ETHIOPIAID,CharityList
FEBA RADIO,CharityList
BIBLELANDS,CharityList
CROSSLINKS,CharityList
QUESTSCOPE,CharityList
OM ICT LTD,CharityList
SEND A COW,CharityList
BASICNEEDS,CharityList
JEWISH CARE,CharityList
YARM SCHOOL,CharityList
YOUTHNET UK,CharityList
TEACH FIRST,CharityList
JESUS HOUSE,CharityList
ISLAMIC AID,CharityList
GLORY HOUSE,CharityList
MUSLIM HANDS,CharityList
TATE MEMBERS,CharityList
ACTIVE LUTON,CharityList
ISLAMIC HELP,CharityList
PANOS LONDON,CharityList
CTVC LIMITED,CharityList
ICAN CHARITY,CharityList
MARTIN HOUSE,CharityList
VIVA NETWORK,CharityList
BUILD AFRICA,CharityList
THE PLACE2BE,CharityList
M.G.S. TRUST,CharityList
EMIH LIMITED,CharityList
AMABRILL LTD,CharityList
RUGBY SCHOOL,CharityList
CHRISTIAN AID,CharityList
THE CUP TRUST,CharityList
BARNABAS FUND,CharityList
HOME-START UK,CharityList
IMPETUS TRUST,CharityList
LONIA LIMITED,CharityList
STREET LEAGUE,CharityList
WATTS GALLERY,CharityList
THE HALO TRUST,CharityList
DUCHESNE TRUST,CharityList
WELLCOME TRUST,CharityList
CHRIST EMBASSY,CharityList
HEALTH LIMITED,CharityList
MHA CARE GROUP,CharityList
DESIGN COUNCIL,CharityList
YESAMACH LEVAV,CharityList
ARTHRITIS CARE,CharityList
CRAFTS COUNCIL,CharityList
RUSKIN COLLEGE,CharityList
VICTIM SUPPORT,CharityList
TRENT VINEYARD,CharityList
THE LIND TRUST,CharityList
WORLD VISION UK,CharityList
HELP FOR HEROES,CharityList
THE ALICE TRUST,CharityList
CATS PROTECTION,CharityList
METHODIST HOMES,CharityList
SUMMARY LIMITED,CharityList
ALDEBURGH MUSIC,CharityList
SCRIPTURE UNION,CharityList
MOHIUDDIN TRUST,CharityList
TRINITY HOSPICE,CharityList
THE CHURCH ARMY,CharityList
TATE FOUNDATION,CharityList
SHAARE ZEDEK UK,CharityList
NEWBOLD COLLEGE,CharityList
CHARITY PROJECTS,CharityList
SOUTHBANK CENTRE,CharityList
SHELTERBOX TRUST,CharityList
UNITED SYNAGOGUE,CharityList
SHELL FOUNDATION,CharityList
CHRISTIAN VISION,CharityList
CUTTY SARK TRUST,CharityList
PRACTICAL ACTION,CharityList
THE RAMC CHARITY,CharityList
SKILLS ACTIVE UK,CharityList
CENTREPOINT SOHO,CharityList
THE FOREST TRUST,CharityList
PHILHARMONIA LTD,CharityList
ST ANN'S HOSPICE,CharityList
HF TRUST LIMITED,CharityList
MISSIONFISH - UK,CharityList
UPPINGHAM SCHOOL,CharityList
EDF ENERGY TRUST,CharityList
THE HADLEY TRUST,CharityList
ST PAUL'S SCHOOL,CharityList
ONE WORLD ACTION,CharityList
SUSTRANS LIMITED,CharityList
HEYTHROP COLLEGE,CharityList
THE STORY MUSEUM,CharityList
FARLEIGH HOSPICE,CharityList
COMMUNITY ACTION,CharityList
GRACE FOUNDATION,CharityList
ST GILES HOSPICE,CharityList
TONBRIDGE SCHOOL,CharityList
THE MARCELA TRUST,CharityList
YOUTH SPORT TRUST,CharityList
THE GRAND CHARITY,CharityList
BLIND VETERANS UK,CharityList
NIGHTINGALE HOUSE,CharityList
KEEP BRITAIN TIDY,CharityList
HELP THE HOSPICES,CharityList
NORTH MUSIC TRUST,CharityList
ECHOES OF SERVICE,CharityList
THE SEQUOIA TRUST,CharityList
RIDERS FOR HEALTH,CharityList
WEC INTERNATIONAL,CharityList
THE VENTURE TRUST,CharityList
CHURCH URBAN FUND,CharityList
CAUDWELL CHILDREN,CharityList
THE MESSAGE TRUST,CharityList
CANCER RESEARCH UK,CharityList
THE SALVATION ARMY,CharityList
THE WOODLAND TRUST,CharityList
THE PRINCE'S TRUST,CharityList
THE SMILE TRAIN UK,CharityList
THE PARGITER TRUST,CharityList
NORWOOD RAVENSWOOD,CharityList
UK BIOBANK LIMITED,CharityList
BREAST CANCER CARE,CharityList
THE MONUMENT TRUST,CharityList
HAIG HOUSING TRUST,CharityList
KIDNEY RESEARCH UK,CharityList
EURO CHARITY TRUST,CharityList
RIBA TRUST LIMITED,CharityList
KEECH HOSPICE CARE,CharityList
OXFORD RUSSIA FUND,CharityList
THE CAMBODIA TRUST,CharityList
THE LANDMARK TRUST,CharityList
ST PETER'S HOSPICE,CharityList
THE MYTON HOSPICES,CharityList
THAMES HOSPICECARE,CharityList
ST GEMMA'S HOSPICE,CharityList
GVEP INTERNATIONAL,CharityList
ST EDWARD'S SCHOOL,CharityList
COEXIST FOUNDATION,CharityList
MEDWAY YOUTH TRUST,CharityList
THE MOTHERS' UNION,CharityList
THE ONE FOUNDATION,CharityList
ALZHEIMER'S SOCIETY,CharityList
COMPTON VERNEY FUND,CharityList
THE SAID FOUNDATION,CharityList
SAVE CHINA'S TIGERS,CharityList
OPERA NORTH LIMITED,CharityList
ACTION FOR CHILDREN,CharityList
LEIGHTON PARK TRUST,CharityList
NORWOOD SCHOOLS LTD,CharityList
THE MARY ROSE TRUST,CharityList
WYCLIFFE UK LIMITED,CharityList
WORLD HORSE WELFARE,CharityList
ALPHA INTERNATIONAL,CharityList
MAGEN DAVID ADOM UK,CharityList
ANTHONY NOLAN TRUST,CharityList
ANA LEAF FOUNDATION,CharityList
WHITECHAPEL GALLERY,CharityList
THE HOLBURNE MUSEUM,CharityList
SHOOTING STAR CHASE,CharityList
REPTON SCHOOL TRUST,CharityList
CHEVRAS MO'OZ LADOL,CharityList
CARE FOR THE FAMILY,CharityList
ANIMAL HEALTH TRUST,CharityList
THE BUPA FOUNDATION,CharityList
NEW COVENANT CHURCH,CharityList
CRIMESTOPPERS TRUST,CharityList
NORTH DEVON HOSPICE,CharityList
THE ASHGATE HOSPICE,CharityList
THE APAX FOUNDATION,CharityList
ACTION ON ADDICTION,CharityList
SUSSEX CENTRAL YMCA,CharityList
THE DONKEY SANCTUARY,CharityList
SHEFFIELD CITY TRUST,CharityList
THE REECE FOUNDATION,CharityList
ROYAL MENCAP SOCIETY,CharityList
CAMFED INTERNATIONAL,CharityList
THE ANGEL FOUNDATION,CharityList
KEEPING KIDS COMPANY,CharityList
TEENAGE CANCER TRUST,CharityList
LEEDS DIOCESAN TRUST,CharityList
EZER V' HATZALAH LTD,CharityList
THE DRINKAWARE TRUST,CharityList
JNF CHARITABLE TRUST,CharityList
RESTLESS DEVELOPMENT,CharityList
THE MACFARLANE TRUST,CharityList
ROSE BRUFORD COLLEGE,CharityList
WORLD MISSION AGENCY,CharityList
COPE CHILDRENS TRUST,CharityList
ASCB CHARITABLE FUND,CharityList
GLOBAL PARTNERS (UK),CharityList
THE PILGRIMS' SCHOOL,CharityList
THE VINDOLANDA TRUST,CharityList
FOCUS LEARNING TRUST,CharityList
BROADWALL FOUNDATION,CharityList
THE JABBS FOUNDATION,CharityList
HOSPICE IN THE WEALD,CharityList
MORESHET HATORAH LTD,CharityList
NORTH LONDON HOSPICE,CharityList
MIDLANDS ARTS CENTRE,CharityList
THE 2SIMPLE TRUST UK,CharityList
DEPAUL INTERNATIONAL,CharityList
THE CHILDREN'S TRUST,CharityList
BEDFORD SCHOOL TRUST,CharityList
AGAPE MINISTRIES LTD,CharityList
Y CARE INTERNATIONAL,CharityList
THE FOYER FEDERATION,CharityList
RAINBOW FAMILY TRUST,CharityList
THE SERPENTINE TRUST,CharityList
SWIMATHON FOUNDATION,CharityList
PLAN INTERNATIONAL UK,CharityList
ARTHRITIS RESEARCH UK,CharityList
THE TENNIS FOUNDATION,CharityList
THE SCOUT ASSOCIATION,CharityList
THE VIRGIN FOUNDATION,CharityList
CYSTIC FIBROSIS TRUST,CharityList
BOGOLYUBOV FOUNDATION,CharityList
THE THALIDOMIDE TRUST,CharityList
CARE INTERNATIONAL UK,CharityList
FIRE FIGHTERS CHARITY,CharityList
HELPAGE INTERNATIONAL,CharityList
THE ALDER HEY CHARITY,CharityList
THE GUIDE ASSOCIATION,CharityList
MERCY SHIPS - U.K LTD,CharityList
SAINT FRANCIS HOSPICE,CharityList
PEGASUS THEATRE TRUST,CharityList
THE SOBELL FOUNDATION,CharityList
THE MARTIN FOUNDATION,CharityList
HELEN & DOUGLAS HOUSE,CharityList
THE SOMPAN FOUNDATION,CharityList
HARROW CENTRAL MOSQUE,CharityList
THE YOUNG VIC COMPANY,CharityList
PURLEY BAPTIST CHURCH,CharityList
E-LEARNING FOUNDATION,CharityList
BATTERSEA ARTS CENTRE,CharityList
EAST CHESHIRE HOSPICE,CharityList
DOGS FOR THE DISABLED,CharityList
NORTH COUNTRY LEISURE,CharityList
THE BABRAHAM INSTITUTE,CharityList
ENGLISH NATIONAL OPERA,CharityList
THE STROKE ASSOCIATION,CharityList
CONCERN WORLDWIDE (UK),CharityList
THE HELPING FOUNDATION,CharityList
OPERATION MOBILISATION,CharityList
HILLSONG CHURCH LONDON,CharityList
ROYAL AIR FORCE MUSEUM,CharityList
MASONIC SAMARITAN FUND,CharityList
BOOK AID INTERNATIONAL,CharityList
THE CRICKET FOUNDATION,CharityList
CLIFTON DIOCESAN TRUST,CharityList
OMF INTERNATIONAL (UK),CharityList
ROYAL ACADEMY OF MUSIC,CharityList
PRINCESS ALICE HOSPICE,CharityList
CHATSWORTH HOUSE TRUST,CharityList
HALLE CONCERTS SOCIETY,CharityList
MORLEY COLLEGE LIMITED,CharityList
FEED THE CHILDREN (UK),CharityList
SIM INTERNATIONAL (UK),CharityList
THE BARCLAY FOUNDATION,CharityList
ORBIS CHARITABLE TRUST,CharityList
SEVERN HOSPICE LIMITED,CharityList
BREAST CANCER CAMPAIGN,CharityList
NEW WINE INTERNATIONAL,CharityList
CARNIVAL VILLAGE TRUST,CharityList
THE HELEN HAMLYN TRUST,CharityList
THE SUFFOLK FOUNDATION,CharityList
BALLET RAMBERT LIMITED,CharityList
THE SHAW TRUST LIMITED,CharityList
SUFFOLK CARERS LIMITED,CharityList
INTERNATIONAL ECO FUND,CharityList
OASIS CHARITABLE TRUST,CharityList
FIRCROFT COLLEGE TRUST,CharityList
JOYCE MEYER MINISTRIES,CharityList
THE DONNA LOUISE TRUST,CharityList
ELLENOR LIONS HOSPICES,CharityList
HISTORIC ROYAL PALACES,CharityList
THE GAVI FUND AFFILIATE,CharityList
GENOME RESEARCH LIMITED,CharityList
MARIE CURIE CANCER CARE,CharityList
THE FOOTBALL FOUNDATION,CharityList
THE VODAFONE FOUNDATION,CharityList
OPEN SOCIETY FOUNDATION,CharityList
THE ANGLO-OMANI SOCIETY,CharityList
CHILDREN WITH CANCER UK,CharityList
BIRMINGHAM ROYAL BALLET,CharityList
ENGLISH NATIONAL BALLET,CharityList
ST CHRISTOPHERS HOSPICE,CharityList
WALES MILLENNIUM CENTRE,CharityList
THE JOHN HORSEMAN TRUST,CharityList
ALZHEIMER'S RESEARCH UK,CharityList
THE SAMWORTH FOUNDATION,CharityList
THE TESCO CHARITY TRUST,CharityList
DEFLOG VQ TRUST LIMITED,CharityList
ARTS & BUSINESS LIMITED,CharityList
DRAPERS CHARITABLE FUND,CharityList
INTERNATIONAL AID TRUST,CharityList
THE LONDON CITY MISSION,CharityList
ACTION MEDICAL RESEARCH,CharityList
MISSION WITHOUT BORDERS,CharityList
THE PRINCE'S FOUNDATION,CharityList
YHA (ENGLAND AND WALES),CharityList
THE HILBORNE FOUNDATION,CharityList
THE OUTWARD BOUND TRUST,CharityList
THE VIVAT TRUST LIMITED,CharityList
GLYNDEBOURNE ARTS TRUST,CharityList
BRITISH LUNG FOUNDATION,CharityList
PLYMOUTH DIOCESAN TRUST,CharityList
BELLJOE TZEDOKO LIMITED,CharityList
ROOM TO READ UK LIMITED,CharityList
MARE AND FOAL SANCTUARY,CharityList
BRITISH REFUGEE COUNCIL,CharityList
MONDAY CHARITABLE TRUST,CharityList
AISH HATORAH UK LIMITED,CharityList
RACHEL CHARITABLE TRUST,CharityList
THE TANK MUSEUM LIMITED,CharityList
THAMES WATER TRUST FUND,CharityList
SOMERSET WILDLIFE TRUST,CharityList
THE ROYAL ACADEMY TRUST,CharityList
PENNY BROHN CANCER CARE,CharityList
THE ELMHURST FOUNDATION,CharityList
THE LEWIS-MANNING TRUST,CharityList
SHRI VALLABH NIDHI - UK,CharityList
THE WOODARD CORPORATION,CharityList
VULCAN TO THE SKY TRUST,CharityList
THE ASPINALL FOUNDATION,CharityList
TEACHER SUPPORT NETWORK,CharityList
SIR JOHN SOANE'S MUSEUM,CharityList
BARNSLEY HOSPICE APPEAL,CharityList
THE SHOOTING STAR TRUST,CharityList
HUMAN RELIEF FOUNDATION,CharityList
CLARENDON TRUST LIMITED,CharityList
MACMILLAN CANCER SUPPORT,CharityList
BRITISH HEART FOUNDATION,CharityList
THE ROYAL BRITISH LEGION,CharityList
GOLDMAN SACHS GIVES (UK),CharityList
ISLAMIC RELIEF WORLDWIDE,CharityList
CYNGOR CELFYDDYDAU CYMRU,CharityList
THE LONDON DIOCESAN FUND,CharityList
THE SIGRID RAUSING TRUST,CharityList
STOCKPORT GRAMMAR SCHOOL,CharityList
CHRIST'S HOSPITAL SCHOOL,CharityList
REDWINGS HORSE SANCTUARY,CharityList
ASSER BISHVIL FOUNDATION,CharityList
THE D M CHARITABLE TRUST,CharityList
SHEFFIELD THEATRES TRUST,CharityList
THE GURKHA WELFARE TRUST,CharityList
HAVENS CHRISTIAN HOSPICE,CharityList
COMMUNITY SECURITY TRUST,CharityList
CATCH 22 CHARITY LIMITED,CharityList
INSTITUTE FOR GOVERNMENT,CharityList
TRUST THAMESMEAD LIMITED,CharityList
IBM UNITED KINGDOM TRUST,CharityList
NORTH WEST AIR AMBULANCE,CharityList
DOLLOND CHARITABLE TRUST,CharityList
BRITISH GAS ENERGY TRUST,CharityList
SKILLSHARE INTERNATIONAL,CharityList
GARSINGTON OPERA LIMITED,CharityList
YORKSHIRE SCULPTURE PARK,CharityList
THE MISSION TO SEAFARERS,CharityList
BOLTON COMMUNITY LEISURE,CharityList
COLUMBIA UK FUND LIMITED,CharityList
NEW HORIZON YOUTH CENTRE,CharityList
THE JEWISH MUSEUM LONDON,CharityList
THE FAIRTRADE FOUNDATION,CharityList
THE EVANGELICAL ALLIANCE,CharityList
THE ALNWICK GARDEN TRUST,CharityList
TODAY'S COMMUNITY CHURCH,CharityList
LIVERPOOL HOPE UNIVERSITY,CharityList
BIRMINGHAM DIOCESAN TRUST,CharityList
RUGBY FOOTBALL FOUNDATION,CharityList
NEWMAN UNIVERSITY COLLEGE,CharityList
THE ROYAL ACADEMY OF ARTS,CharityList
ALLCHURCHES TRUST LIMITED,CharityList
ABF THE SOLDIERS' CHARITY,CharityList
KENT COMMUNITY FOUNDATION,CharityList
THE RAMBLERS' ASSOCIATION,CharityList
THE MUSLIM ACADEMIC TRUST,CharityList
KEREN ASSOCIATION LIMITED,CharityList
YORKSHIRE CANCER RESEARCH,CharityList
THE WORLD CHILDREN'S FUND,CharityList
OAKMERE COMMUNITY COLLEGE,CharityList
PRIVATE EQUITY FOUNDATION,CharityList
THE STRAWBERRY HILL TRUST,CharityList
MAKE-A-WISH FOUNDATION UK,CharityList
MUSICIANS BENEVOLENT FUND,CharityList
DEVON AIR AMBULANCE TRUST,CharityList
SALESIANS OF DON BOSCO UK,CharityList
THE SICK CHILDREN'S TRUST,CharityList
THE JUBILEE SAILING TRUST,CharityList
HAMPSTEAD THEATRE LIMITED,CharityList
WELDMAR HOSPICECARE TRUST,CharityList
MARLBOROUGH COLLEGE TRUST,CharityList
THE SAVE THE CHILDREN FUND,CharityList
VOLUNTARY SERVICE OVERSEAS,CharityList
THE ROYAL NATIONAL THEATRE,CharityList
THE BRITISH FILM INSTITUTE,CharityList
THE HOBSON CHARITY LIMITED,CharityList
THE SALFORD DIOCESAN TRUST,CharityList
BREAKTHROUGH BREAST CANCER,CharityList
THE FIDELITY UK FOUNDATION,CharityList
SOS CHILDREN'S VILLAGES UK,CharityList
WORLD CANCER RESEARCH FUND,CharityList
TRINITY UNIVERSITY COLLEGE,CharityList
BAPTIST MISSIONARY SOCIETY,CharityList
WOOD GREEN ANIMAL SHELTERS,CharityList
THE TERRENCE HIGGINS TRUST,CharityList
MARINE STEWARDSHIP COUNCIL,CharityList
THOMSON REUTERS FOUNDATION,CharityList
THE NATIONAL GALLERY TRUST,CharityList
CHRISTIANS AGAINST POVERTY,CharityList
ST LUKE'S HOSPICE PLYMOUTH,CharityList
THE LITTLE WAY ASSOCIATION,CharityList
HAND IN HAND INTERNATIONAL,CharityList
AHAVAT SHALOM CHARITY FUND,CharityList
HUMAN APPEAL INTERNATIONAL,CharityList
THE LOLEV CHARITABLE TRUST,CharityList
THE PETER JONES FOUNDATION,CharityList
THE WESTMINSTER FOUNDATION,CharityList
EAST ANGLIAN AIR AMBULANCE,CharityList
BARROW HILLS SCHOOL WITLEY,CharityList
THE ROYAL COLLEGE OF MUSIC,CharityList
ESSEX COMMUNITY FOUNDATION,CharityList
SALFORD FOUNDATION LIMITED,CharityList
COMPTON VERNEY HOUSE TRUST,CharityList
MARIE STOPES INTERNATIONAL,CharityList
AID TO HOSPITALS WORLDWIDE,CharityList
NATIONWIDE CHRISTIAN TRUST,CharityList
THE FRIENDS OF OHR SOMEACH,CharityList
THE ARTS COUNCIL OF ENGLAND,CharityList
THE BENENDEN HOSPITAL TRUST,CharityList
THE LEMPRIERE PRINGLE TRUST,CharityList
UNITED JEWISH ISRAEL APPEAL,CharityList
LEONARD CHESHIRE DISABILITY,CharityList
SOCIETY OF THE SACRED HEART,CharityList
THE PROSTATE CANCER CHARITY,CharityList
THE CITY LITERARY INSTITUTE,CharityList
NEW TESTAMENT CHURCH OF GOD,CharityList
FAUNA & FLORA INTERNATIONAL,CharityList
YORK MUSEUM & GALLERY TRUST,CharityList
HOPE AND HOMES FOR CHILDREN,CharityList
WORLD VILLAGES FOR CHILDREN,CharityList
UNITED UTILITIES TRUST FUND,CharityList
THE JACK PETCHEY FOUNDATION,CharityList
THE PETER MOORES FOUNDATION,CharityList
COMPASSION IN WORLD FARMING,CharityList
COLSTON'S COLLEGIATE SCHOOL,CharityList
THE STOWE SCHOOL FOUNDATION,CharityList
THE NOMURA CHARITABLE TRUST,CharityList
THE HAREBELL CENTENARY FUND,CharityList
RALEIGH INTERNATIONAL TRUST,CharityList
ROTHAMSTED RESEARCH LIMITED,CharityList
THE NATIONAL GARDENS SCHEME,CharityList
FARMLAND RESERVE UK LIMITED,CharityList
TRIALOGUE EDUCATIONAL TRUST,CharityList
THE SHAKESPEARE GLOBE TRUST,CharityList
ST OSWALD'S HOSPICE LIMITED,CharityList
THE POLISH CATHOLIC MISSION,CharityList
THE GIRLS' DAY SCHOOL TRUST,CharityList
CHICHESTER FESTIVAL THEATRE,CharityList
ACADEMY OF MEDICAL SCIENCES,CharityList
THE MICHAEL UREN FOUNDATION,CharityList
INTERNATIONAL ANIMAL RESCUE,CharityList
SOUTH OF ENGLAND FOUNDATION,CharityList
HALIFAX OPPORTUNITIES TRUST,CharityList
THE RANK FOUNDATION LIMITED,CharityList
FOUNDATION TRAINING COMPANY,CharityList
KENNETH COPELAND MINISTRIES,CharityList
THE CANCER RESEARCH CAMPAIGN,CharityList
UNITED REFORMED CHURCH TRUST,CharityList
THE NORTHERN ROCK FOUNDATION,CharityList
THE CHRISTIE CHARITABLE FUND,CharityList
"PROJECT HOPE, UNITED KINGDOM",CharityList
RELIGIOUS SISTERS OF CHARITY,CharityList
SADLER'S WELLS TRUST LIMITED,CharityList
HEARING DOGS FOR DEAF PEOPLE,CharityList
MIDDLESBROUGH DIOCESAN TRUST,CharityList
QUARTET COMMUNITY FOUNDATION,CharityList
THE HARROW DEVELOPMENT TRUST,CharityList
THE CHURCH OF PENTECOST - UK,CharityList
THE CHARITIES AID FOUNDATION,CharityList
CUMBRIA COMMUNITY FOUNDATION,CharityList
CHRISTIAN MEDICAL FELLOWSHIP,CharityList
THE MARTLETS HOSPICE LIMITED,CharityList
THE ATLANTA CHARITABLE TRUST,CharityList
ESSEX WILDLIFE TRUST LIMITED,CharityList
NORFOLK COMMUNITY FOUNDATION,CharityList
THE CLOTHWORKERS' FOUNDATION,CharityList
MEDICAL AID FOR PALESTINIANS,CharityList
BRITISH EPILEPSY ASSOCIATION,CharityList
THE MENTAL HEALTH FOUNDATION,CharityList
INSPIRED BY SPORT FOUNDATION,CharityList
THE COLES-MEDLOCK FOUNDATION,CharityList
YOUTH WITH A MISSION LIMITED,CharityList
THE R AND S COHEN FOUNDATION,CharityList
EUROVISION MISSION TO EUROPE,CharityList
THE BRITISH RED CROSS SOCIETY,CharityList
DISASTERS EMERGENCY COMMITTEE,CharityList
IMPERIAL CANCER RESEARCH FUND,CharityList
MEDECINS SANS FRONTIERES (UK),CharityList
LEUKAEMIA & LYMPHOMA RESEARCH,CharityList
SOUTHAMPTON ROW TRUST LIMITED,CharityList
CHILDREN'S HOSPICE SOUTH WEST,CharityList
THE ROYAL STAR & GARTER HOMES,CharityList
THE NATIONAL AUTISTIC SOCIETY,CharityList
LUTON CULTURAL SERVICES TRUST,CharityList
NATIONAL ART COLLECTIONS FUND,CharityList
THE CLORE DUFFIELD FOUNDATION,CharityList
BELPER LEISURE CENTRE LIMITED,CharityList
THE DUKE OF EDINBURGH'S AWARD,CharityList
CANCER RECOVERY FOUNDATION UK,CharityList
PREMIER CHRISTIAN MEDIA TRUST,CharityList
NOMINET CHARITABLE FOUNDATION,CharityList
SRI GURU SINGH SABHA SOUTHALL,CharityList
SLOUGH ISLAMIC SCHOOL PROJECT,CharityList
FEDERATION OF JEWISH SERVICES,CharityList
BENNY HINN MINISTRIES LIMITED,CharityList
NATIONAL ANIMAL WELFARE TRUST,CharityList
THE DOUGHTY FAMILY FOUNDATION,CharityList
ABSOLUTE RETURN FOR KIDS (ARK),CharityList
BATTERSEA DOGS' AND CATS' HOME,CharityList
ACHISOMOCH AID COMPANY LIMITED,CharityList
OPEN DOORS WITH BROTHER ANDREW,CharityList
THE KING FAHAD ACADEMY LIMITED,CharityList
CHEAM SCHOOL EDUCATIONAL TRUST,CharityList
MAN GROUP PLC CHARITABLE TRUST,CharityList
ST MARGARET'S SOMERSET HOSPICE,CharityList
THE ELTON JOHN AIDS FOUNDATION,CharityList
MIDLANDS AIR AMBULANCE CHARITY,CharityList
KABBALAH CENTRE EUROPE LIMITED,CharityList
PILGRIMS HOSPICES IN EAST KENT,CharityList
BOURNEMOUTH SYMPHONY ORCHESTRA,CharityList
THE VEOLIA ENVIRONMENTAL TRUST,CharityList
ST CATHERINE'S HOSPICE LIMITED,CharityList
GEMS ADVISORS CHARITABLE TRUST,CharityList
HOPE HOUSE CHILDREN'S HOSPICES,CharityList
DERIAN HOUSE CHILDRENS HOSPICE,CharityList
BRIGHTON DOME AND FESTIVAL LTD,CharityList
THE OLD VIC THEATRE TRUST 2000,CharityList
WILLESDEN GREEN BAPTIST CHURCH,CharityList
GREENPEACE ENVIRONMENTAL TRUST,CharityList
SKILLSET SECTOR SKILLS COUNCIL,CharityList
ST ELIZABETH HOSPICE (SUFFOLK),CharityList
"ST ANDREW'S COLLEGE, BRADFIELD",CharityList
ADULT TRAINING NETWORK LIMITED,CharityList
FORWARD IN FAITH MINISTRY U.K.,CharityList
ELIM FOURSQUARE GOSPEL ALLIANCE,CharityList
THE BBC CHILDREN IN NEED APPEAL,CharityList
HARPER ADAMS UNIVERSITY COLLEGE,CharityList
WIGAN LEISURE AND CULTURE TRUST,CharityList
THE BROOKE HOSPITAL FOR ANIMALS,CharityList
ENGLAND AND WALES CRICKET TRUST,CharityList
NORTHERN BALLET THEATRE LIMITED,CharityList
THE CLIMATE CHANGE ORGANISATION,CharityList
STARLIGHT CHILDREN'S FOUNDATION,CharityList
LONDON TRANSPORT MUSEUM LIMITED,CharityList
THE ROYAL HORTICULTURAL SOCIETY,CharityList
WESSEX CHILDREN'S HOSPICE TRUST,CharityList
ACORNS CHILDREN'S HOSPICE TRUST,CharityList
GILMOOR BENEVOLENT FUND LIMITED,CharityList
DEMELZA HOUSE CHILDRENS HOSPICE,CharityList
THE LONDON COMMUNITY FOUNDATION,CharityList
LEICESTER THEATRE TRUST LIMITED,CharityList
THE TONY BLAIR FAITH FOUNDATION,CharityList
YORKSHIRE AIR AMBULANCE LIMITED,CharityList
SANTANDER UK FOUNDATION LIMITED,CharityList
CHURCH OF GOD OF PROPHECY TRUST,CharityList
BRITISH EYE RESEARCH FOUNDATION,CharityList
THE SUSSEX COMMUNITY FOUNDATION,CharityList
BRANSBY HOME OF REST FOR HORSES,CharityList
KING'S COLLEGE HOSPITAL CHARITY,CharityList
HOSPICE OF OUR LADY AND ST JOHN,CharityList
SAINT CATHERINE'S HOSPICE TRUST,CharityList
THE BRITISH DIABETIC ASSOCIATION,CharityList
THE ROYAL MARSDEN CANCER CHARITY,CharityList
THE ROYAL OPERA HOUSE FOUNDATION,CharityList
UNITED TALMUDICAL ASSOCIATES LTD,CharityList
LEEDS TRINITY UNIVERSITY COLLEGE,CharityList
THE GATSBY CHARITABLE FOUNDATION,CharityList
THE NATIONAL COACHING FOUNDATION,CharityList
THE CHURCH MISSION SOCIETY TRUST,CharityList
GLYNDEBOURNE PRODUCTIONS LIMITED,CharityList
EDHI INTERNATIONAL FOUNDATION UK,CharityList
RESPONSIBILITY IN GAMBLING TRUST,CharityList
THE POLICE REHABILITATION CENTRE,CharityList
THEATRE ROYAL (PLYMOUTH) LIMITED,CharityList
THE SPORTS COUNCIL TRUST COMPANY,CharityList
NORTH HUMBERSIDE HOSPICE PROJECT,CharityList
INTERNATIONAL MEDICAL CORPS (UK),CharityList
SISTERS OF THE CROSS AND PASSION,CharityList
THE BORN FREE FOUNDATION LIMITED,CharityList
RAINBOW TRUST CHILDREN'S CHARITY,CharityList
REDEEMED CHRISTIAN CHURCH OF GOD,CharityList
COVENTRY HERITAGE AND ARTS TRUST,CharityList
EMUNO EDUCATIONAL CENTRE LIMITED,CharityList
THE BECHT FAMILY CHARITABLE TRUST,CharityList
THE COALFIELDS REGENERATION TRUST,CharityList
THE LEPROSY MISSION INTERNATIONAL,CharityList
MOTOR NEURONE DISEASE ASSOCIATION,CharityList
THE ROYAL ACADEMY OF DRAMATIC ART,CharityList
SHEFFIELD THEATRES CRUCIBLE TRUST,CharityList
NEW HORIZONS COMMUNITY ENTERPRISE,CharityList
THE ELY DIOCESAN BOARD OF FINANCE,CharityList
LAUREUS SPORT FOR GOOD FOUNDATION,CharityList
EAST ANGLIA'S CHILDREN'S HOSPICES,CharityList
GOODWIN DEVELOPMENT TRUST LIMITED,CharityList
CAMPAIGN TO PROTECT RURAL ENGLAND,CharityList
THE MERCERS CHARITABLE FOUNDATION,CharityList
THE ENGLISH STAGE COMPANY LIMITED,CharityList
ROWCROFT HOUSE FOUNDATION LIMITED,CharityList
PALMERS GREEN HIGH SCHOOL LIMITED,CharityList
CENTRAL HARDSHIP AND RELIEF TRUST,CharityList
PHILIP KING CHARITABLE SETTLEMENT,CharityList
RUACH INSPIRATIONAL CHURCH OF GOD,CharityList
ST WILFRID'S HOSPICE (EASTBOURNE),CharityList
THE COMMUNITY FOUNDATION IN WALES,CharityList
GERMAN SCHOOL ASSOCIATION LIMITED,CharityList
ESSEX & HERTS AIR AMBULANCE TRUST,CharityList
UNITED BIBLE SOCIETIES ASSOCIATION,CharityList
THE BURTON FAMILY CHARITABLE TRUST,CharityList
LLOYD'S REGISTER EDUCATIONAL TRUST,CharityList
FRIENDS OF THE EARTH TRUST LIMITED,CharityList
EX-SERVICES MENTAL WELFARE SOCIETY,CharityList
ST. BARNABAS HOSPICES (SUSSEX) LTD,CharityList
THE BAPTIST UNION OF GREAT BRITAIN,CharityList
CARLISLE DIOCESAN BOARD OF FINANCE,CharityList
MANCHESTER SPORT AND LEISURE TRUST,CharityList
THE CAMPHILL VILLAGE TRUST LIMITED,CharityList
THE UNITED KINGDOM ISLAMIC MISSION,CharityList
MONMOUTH DIOCESAN BOARD OF FINANCE,CharityList
THE ROYAL FREE HAMPSTEAD CHARITIES,CharityList
THE ADDENBROOKE'S CHARITABLE TRUST,CharityList
HABITAT FOR HUMANITY GREAT BRITAIN,CharityList
MERSEYSIDE SOCIETY FOR DEAF PEOPLE,CharityList
THE FISHER PARKINSON TRUST LIMITED,CharityList
NOTTINGHAM PLAYHOUSE TRUST LIMITED,CharityList
STEWARDSHIP SERVICES (UKET) LIMITED,CharityList
THE SAID BUSINESS SCHOOL FOUNDATION,CharityList
THE ROYAL AIR FORCE BENEVOLENT FUND,CharityList
GUILDFORD DIOCESAN BOARD OF FINANCE,CharityList
ARUNDEL AND BRIGHTON DIOCESAN TRUST,CharityList
SHEFFIELD DIOCESAN BOARD OF FINANCE,CharityList
THE VARIETY CLUB CHILDREN'S CHARITY,CharityList
ST DAVIDS DIOCESAN BOARD OF FINANCE,CharityList
THE CHATHAM HISTORIC DOCKYARD TRUST,CharityList
THE FEDERATION OF GROUNDWORK TRUSTS,CharityList
GATSBY TECHNICAL EDUCATION PROJECTS,CharityList
ZURICH COMMUNITY TRUST (UK) LIMITED,CharityList
NATIONAL BIODIVERSITY NETWORK TRUST,CharityList
SHEFFIELD GALLERIES & MUSEUMS TRUST,CharityList
AFRICA INLAND MISSION INTERNATIONAL,CharityList
RHODES TRUST - PUBLIC PURPOSES FUND,CharityList
BHP BILLITON SUSTAINABLE COMMUNITIES,CharityList
THE THAILAND BURMA BORDER CONSORTIUM,CharityList
CHURCH OF ENGLAND CHILDREN'S SOCIETY,CharityList
THE OXFORD DIOCESAN BOARD OF FINANCE,CharityList
THE NATIONAL DEAF CHILDREN'S SOCIETY,CharityList
CATHOLIC TRUST FOR ENGLAND AND WALES,CharityList
THE SALVATION ARMY SOCIAL WORK TRUST,CharityList
WINCHESTER DIOCESAN BOARD OF FINANCE,CharityList
THE EXETER DIOCESAN BOARD OF FINANCE,CharityList
THE JOHN BOOTH CHARITABLE FOUNDATION,CharityList
MANCHESTER DIOCESAN BOARD OF FINANCE,CharityList
THE CHESHIRE RESIDENTIAL HOMES TRUST,CharityList
THE DURHAM DIOCESAN BOARD OF FINANCE,CharityList
PORTSMOUTH DIOCESAN BOARD OF FINANCE,CharityList
ROYAL COLLEGE OF SURGEONS OF ENGLAND,CharityList
RONALD MCDONALD HOUSE CHARITIES (UK),CharityList
INTERNATIONAL BUSINESS LEADERS FORUM,CharityList
THE DOROTHY HOUSE FOUNDATION LIMITED,CharityList
BALTIC FLOUR MILLS VISUAL ARTS TRUST,CharityList
WELSH AIR AMBULANCE CHARITABLE TRUST,CharityList
BIRMINGHAM REPERTORY THEATRE LIMITED,CharityList
THE TONY BLAIR GOVERNANCE INITIATIVE,CharityList
THE STARLING FAMILY CHARITABLE TRUST,CharityList
THE D'OYLY CARTE OPERA TRUST LIMITED,CharityList
ACTION ON DISABILITY AND DEVELOPMENT,CharityList
BLACKBURN DIOCESAN BOARD OF EDUCATION,CharityList
THE METHODIST CHURCH IN GREAT BRITAIN,CharityList
AMNESTY INTERNATIONAL CHARITY LIMITED,CharityList
AHMADIYYA MUSLIM JAMAAT INTERNATIONAL,CharityList
INTERNATIONAL FUND FOR ANIMAL WELFARE,CharityList
UNITED WESTMINSTER SCHOOLS FOUNDATION,CharityList
CLIC SARGENT CANCER CARE FOR CHILDREN,CharityList
THE CONSTANCE TRAVIS CHARITABLE TRUST,CharityList
THE CONSERVATOIRE FOR DANCE AND DRAMA,CharityList
THE OXFORD CENTRE FOR ISLAMIC STUDIES,CharityList
THE CHESTER DIOCESAN BOARD OF FINANCE,CharityList
THE BRITISH AND FOREIGN BIBLE SOCIETY,CharityList
UNITED CHRISTIAN BROADCASTERS LIMITED,CharityList
THE LONDON SYMPHONY ORCHESTRA LIMITED,CharityList
LIVERPOOL SCHOOL OF TROPICAL MEDICINE,CharityList
CLAVE - CARING FOR HEARING IMPAIRMENT,CharityList
CITY OF BIRMINGHAM SYMPHONY ORCHESTRA,CharityList
THE NATIONAL MUSEUM OF LABOUR HISTORY,CharityList
ROYAL HOSPITAL CHELSEA APPEAL LIMITED,CharityList
LONDON PHILHARMONIC ORCHESTRA LIMITED,CharityList
IRONBRIDGE GORGE MUSEUM TRUST LIMITED,CharityList
THE GREAT NORTH AIR AMBULANCE SERVICE,CharityList
THE NATIONAL MUSEUM OF THE ROYAL NAVY,CharityList
THE DIAMOND FAMILY FOUNDATION LIMITED,CharityList
IMPERIAL COLLEGE HEALTHCARE CHARITIES,CharityList
PHYLLIS TUCKWELL MEMORIAL HOSPICE LTD,CharityList
HEART OF ENGLAND COMMUNITY FOUNDATION,CharityList
THE SOUTH STREET GREEN ROOM FOUNDATION,CharityList
MISSION AVIATION FELLOWSHIP UK LIMITED,CharityList
SANGHA TRI-NATIONAL TRUST FUND LIMITED,CharityList
MEDICAL EMERGENCY RELIEF INTERNATIONAL,CharityList
THE PEARS FAMILY CHARITABLE FOUNDATION,CharityList
THE LLANDAFF DIOCESAN BOARD OF FINANCE,CharityList
THE BRADFORD DIOCESAN BOARD OF FINANCE,CharityList
DAWAT-E-HADIYAH TRUST (UNITED KINGDOM),CharityList
THE MAGDALEN COLLEGE DEVELOPMENT TRUST,CharityList
THE HEREFORD DIOCESAN BOARD OF FINANCE,CharityList
ROYAL EXCHANGE THEATRE COMPANY LIMITED,CharityList
THE ST ASAPH DIOCESAN BOARD OF FINANCE,CharityList
THE ST. JOHN OF JERUSALEM EYE HOSPITAL,CharityList
THE SALVATION ARMY INTERNATIONAL TRUST,CharityList
HASMONEAN HIGH SCHOOL CHARITABLE TRUST,CharityList
ROMAN CATHOLIC DIOCESE OF HALLAM TRUST,CharityList
THE CLAUDE AND SOFIA MARION FOUNDATION,CharityList
THE MAURICE WOHL CHARITABLE FOUNDATION,CharityList
THE BELRON WORLD CONFERENCE FOUNDATION,CharityList
INTERNATIONAL SERVICE FELLOWSHIP TRUST,CharityList
WHALE AND DOLPHIN CONSERVATION SOCIETY,CharityList
SOUTH DEVON HEALTHCARE CHARITABLE FUND,CharityList
LEAGUE OF FRIENDS OF UCKFIELD HOSPITAL,CharityList
RADHA SOAMI SATSANG BEAS BRITISH ISLES,CharityList
THE HERTFORDSHIRE COMMUNITY FOUNDATION,CharityList
THE BRITISH KIDNEY PATIENT ASSOCIATION,CharityList
THE NORTHAMPTON THEATRES TRUST LIMITED,CharityList
KINGSTON CENTRE FOR INDEPENDENT LIVING,CharityList
THE ROYAL NATIONAL LIFEBOAT INSTITUTION,CharityList
THE UNITED KINGDOM COMMITTEE FOR UNICEF,CharityList
ROYAL OPERA HOUSE COVENT GARDEN LIMITED,CharityList
LEARNING AND SKILLS IMPROVEMENT SERVICE,CharityList
SAMARITAN'S PURSE INTERNATIONAL LIMITED,CharityList
THE NATIONAL FOUNDATION FOR YOUTH MUSIC,CharityList
THE ST ALBANS DIOCESAN BOARD OF FINANCE,CharityList
THE SALISBURY DIOCESAN BOARD OF FINANCE,CharityList
THE LIVERPOOL DIOCESAN BOARD OF FINANCE,CharityList
BRENTWOOD ROMAN CATHOLIC DIOCESAN TRUST,CharityList
KINGSWAY INTERNATIONAL CHRISTIAN CENTRE,CharityList
THE FOOTBALL LEAGUE (COMMUNITY) LIMITED,CharityList
THE WAKEFIELD DIOCESAN BOARD OF FINANCE,CharityList
THE LEICESTER DIOCESAN BOARD OF FINANCE,CharityList
GREATER MANCHESTER ACCESSIBLE TRANSPORT,CharityList
THE HINTZE FAMILY CHARITABLE FOUNDATION,CharityList
DIABETES RESEARCH & WELLNESS FOUNDATION,CharityList
THE NEWCASTLE DIOCESAN BOARD OF FINANCE,CharityList
LANCASTER ROMAN CATHOLIC DIOCESAN TRUST,CharityList
ROTARY FOUNDATION OF THE UNITED KINGDOM,CharityList
THE NATIONAL FILM AND TELEVISION SCHOOL,CharityList
THE NORTH OF ENGLAND ZOOLOGICAL SOCIETY,CharityList
THE FOUNDATION FOR SOCIAL ENTREPRENEURS,CharityList
ALEXIS AND ANNE- MARIE HABIB FOUNDATION,CharityList
HOSPICE OF ST FRANCIS (BERKHAMSTED) LTD,CharityList
ROYAL COMMONWEALTH SOCIETY FOR THE BLIND,CharityList
THE PEOPLE'S DISPENSARY FOR SICK ANIMALS,CharityList
THE GUIDE DOGS FOR THE BLIND ASSOCIATION,CharityList
CATHOLIC AGENCY FOR OVERSEAS DEVELOPMENT,CharityList
INTERNATIONAL BIBLE STUDENTS ASSOCIATION,CharityList
THE CHELMSFORD DIOCESAN BOARD OF FINANCE,CharityList
DULWICH COLLEGE PREPARATORY SCHOOL TRUST,CharityList
SHREWSBURY ROMAN CATHOLIC DIOCESAN TRUST,CharityList
THE BIRMINGHAM DIOCESAN BOARD OF FINANCE,CharityList
THE GLOUCESTER DIOCESAN BOARD OF FINANCE,CharityList
THE ROYAL MASONIC BENEVOLENT INSTITUTION,CharityList
THE ROYAL LIVERPOOL PHILHARMONIC SOCIETY,CharityList
OPPORTUNITY INTERNATIONAL UNITED KINGDOM,CharityList
PALESTINIANS RELIEF AND DEVELOPMENT FUND,CharityList
THE NEW BEACON EDUCATIONAL TRUST LIMITED,CharityList
SYRACUSE UNIVERSITY (USA) LONDON PROGRAM,CharityList
THE MANCHESTER GRAMMAR SCHOOL FOUNDATION,CharityList
THE GAME AND WILDLIFE CONSERVATION TRUST,CharityList
CREATIVE AND CULTURAL INDUSTRIES LIMITED,CharityList
THE DORSET TRUST FOR NATURE CONSERVATION,CharityList
NORTH BRISTOL NHS TRUST CHARITABLE FUNDS,CharityList
ROYAL SOCIETY FOR THE PROTECTION OF BIRDS,CharityList
COMPASSION UK CHRISTIAN CHILD DEVELOPMENT,CharityList
MISSION AVIATION FELLOWSHIP INTERNATIONAL,CharityList
THE SALVATION ARMY OFFICERS' PENSION FUND,CharityList
JUBILEE SAILING TRUST (TENACIOUS) LIMITED,CharityList
NORTHAMPTON ROMAN CATHOLIC DIOCESAN TRUST,CharityList
RIPON AND LEEDS DIOCESAN BOARD OF FINANCE,CharityList
EAST ANGLIA ROMAN CATHOLIC DIOCESAN TRUST,CharityList
CARDIFF ROMAN CATHOLIC ARCHDIOCESAN TRUST,CharityList
SEEDBED CHRISTIAN COMMUNITY TRUST LIMITED,CharityList
SISTERS OF CHARITY OF ST PAUL THE APOSTLE,CharityList
NEW FRONTIERS INTERNATIONAL TRUST LIMITED,CharityList
THE METHODIST RELIEF AND DEVELOPMENT FUND,CharityList
THE JOE AND ROSA FRENKEL CHARITABLE TRUST,CharityList
ANTHROPOSOPHICAL SOCIETY IN GREAT BRITAIN,CharityList
BELGRADE THEATRE TRUST (COVENTRY) LIMITED,CharityList
THE ROYAL LONDON SOCIETY FOR BLIND PEOPLE,CharityList
THE UNIVERSAL CHURCH OF THE KINGDOM OF GOD,CharityList
THE YORK DIOCESAN BOARD OF FINANCE LIMITED,CharityList
HEXHAM AND NEWCASTLE DIOCESAN TRUST (1947),CharityList
AFRICAN AGRICULTURAL TECHNOLOGY FOUNDATION,CharityList
AID TO THE CHURCH IN NEED (UNITED KINGDOM),CharityList
THE PETERBOROUGH DIOCESAN BOARD OF FINANCE,CharityList
THE COVENTRY DIOCESAN BOARD OF FINANCE LTD,CharityList
COLLEGE OF OCCUPATIONAL THERAPISTS LIMITED,CharityList
THE ROYAL MASONIC TRUST FOR GIRLS AND BOYS,CharityList
"THE DAVID GOLDMAN FOUNDATION (""THE TRUST"")",CharityList
ST WILFRID'S HOSPICE (SOUTH COAST) LIMITED,CharityList
THE ST PETER AND ST JAMES CHARITABLE TRUST,CharityList
ST CATHERINES HOSPICE (LANCASHIRE) LIMITED,CharityList
INTERNATIONAL PLANNED PARENTHOOD FEDERATION,CharityList
"THE MUSEUMS, LIBRARIES AND ARCHIVES COUNCIL",CharityList
LLOYDS TSB FOUNDATION FOR ENGLAND AND WALES,CharityList
LIVERPOOL ROMAN CATHOLIC ARCHDIOCESAN TRUST,CharityList
AHMADIYYA MUSLIM ASSOCIATION UNITED KINGDOM,CharityList
THE PRINCE OF WALES'S CHARITABLE FOUNDATION,CharityList
THE DERBY DIOCESAN BOARD OF FINANCE LIMITED,CharityList
THE CERTIFIED ACCOUNTANTS EDUCATIONAL TRUST,CharityList
THE TRURO DIOCESAN BOARD OF FINANCE LIMITED,CharityList
THE LIVERPOOL INSTITUTE FOR PERFORMING ARTS,CharityList
THE JEWISH COMMUNITY SECONDARY SCHOOL TRUST,CharityList
THE SIR JOSEPH HOTUNG CHARITABLE SETTLEMENT,CharityList
HONOURABLE SOCIETY OF GRAY'S INN TRUST FUND,CharityList
THE GOLDMAN SACHS CHARITABLE GIFT FUND (UK),CharityList
NORTHAMPTONSHIRE ASSOCIATION OF YOUTH CLUBS,CharityList
THE DOCTOR HADWEN TRUST FOR HUMANE RESEARCH,CharityList
THE RAPHAEL FRESHWATER MEMORIAL ASSOCIATION,CharityList
THE ROYAL NATIONAL INSTITUTE OF BLIND PEOPLE,CharityList
THE TERESA ROSENBAUM GOLDEN CHARITABLE TRUST,CharityList
EMERGE POVERTY FREE (WORLD EMERGENCY RELIEF),CharityList
THE ROYAL NATIONAL INSTITUTE FOR DEAF PEOPLE,CharityList
THE BATH AND WELLS DIOCESAN BOARD OF FINANCE,CharityList
THE SEVERN TRENT WATER CHARITABLE TRUST FUND,CharityList
GWENT ASSOCIATION OF VOLUNTARY ORGANISATIONS,CharityList
THE LONDON MARATHON CHARITABLE TRUST LIMITED,CharityList
UNIVERSITIES & COLLEGES CHRISTIAN FELLOWSHIP,CharityList
SWANSEA AND BRECON DIOCESAN BOARD OF FINANCE,CharityList
ADVENTIST DEVELOPMENT AND RELIEF AGENCY - UK,CharityList
THE AMAR INTERNATIONAL CHARITABLE FOUNDATION,CharityList
CO-OPERATIVE COMMUNITY INVESTMENT FOUNDATION,CharityList
HULL AND EAST YORKSHIRE COMMUNITY FOUNDATION,CharityList
WEST MIDLANDS SPECIAL NEEDS TRANSPORT LIMITED,CharityList
THE NORWICH DIOCESAN BOARD OF FINANCE LIMITED,CharityList
THE BRISTOL DIOCESAN BOARD OF FINANCE LIMITED,CharityList
UNIVERSITY COLLEGE LONDON HOSPITALS CHARITIES,CharityList
THE INSTITUTION OF ENGINEERING AND TECHNOLOGY,CharityList
THE UNIVERSITY OF NOTRE DAME (USA) IN ENGLAND,CharityList
BEN - MOTOR AND ALLIED TRADES BENEVOLENT FUND,CharityList
THE KING'S SCHOOL WORCESTER DEVELOPMENT TRUST,CharityList
THE ROYAL AGRICULTURAL BENEVOLENT INSTITUTION,CharityList
FUNDACAO FOCUS ASSISTENCIA HUMANITARIA EUROPA,CharityList
THE RAF BENEVOLENT FUND HOUSING TRUST LIMITED,CharityList
THE CHILDREN'S INVESTMENT FUND FOUNDATION (UK),CharityList
WATCH TOWER BIBLE AND TRACT SOCIETY OF BRITAIN,CharityList
TRINITY LABAN CONSERVATOIRE OF MUSIC AND DANCE,CharityList
CHRISTIAN ALLIANCE HOUSING ASSOCIATION LIMITED,CharityList
CATHOLIC INSTITUTE FOR INTERNATIONAL RELATIONS,CharityList
LEEDS TEACHING HOSPITALS CHARITABLE FOUNDATION,CharityList
ST VINCENT DE PAUL SOCIETY (ENGLAND AND WALES),CharityList
THE SACRED HEARTS SISTERS 1983 CHARITABLE FUND,CharityList
THE GIDEONS INTERNATIONAL IN THE BRITISH ISLES,CharityList
THE ROYAL VETERINARY COLLEGE ANIMAL CARE TRUST,CharityList
THE DAUGHTERS OF CHARITY OF ST VINCENT DE PAUL,CharityList
AHAVATH CHESSED CHARITABLE ASSOCIATION LIMITED,CharityList
CARE (CHRISTIAN ACTION RESEARCH AND EDUCATION),CharityList
PAPWORTH HOSPITAL NHS FOUNDATION TRUST CHARITY,CharityList
THE WORLD SOCIETY FOR THE PROTECTION OF ANIMALS,CharityList
THE BLACKBURN DIOCESAN BOARD OF FINANCE LIMITED,CharityList
THE COMMUNITY FOUNDATION FOR GREATER MANCHESTER,CharityList
ST JOSEPH'S MISSIONARY SOCIETY (BRITISH REGION),CharityList
WARWICKSHIRE AND NORTHAMPTONSHIRE AIR AMBULANCE,CharityList
THE SOCIETY OF ST COLUMBAN FOR FOREIGN MISSIONS,CharityList
AUDREY AND STANLEY BURTON 1960 CHARITABLE TRUST,CharityList
THE ROYAL UNITED KINGDOM BENEFICENT ASSOCIATION,CharityList
BRISTOL OLD VIC AND THEATRE ROYAL TRUST LIMITED,CharityList
THE NATIONAL COUNCIL FOR VOLUNTARY ORGANISATIONS,CharityList
CHRISTIAN BLIND MISSION (UNITED KINGDOM) LIMITED,CharityList
THE SOCIETY FOR THE PROTECTION OF ANIMALS ABROAD,CharityList
THE HORNIMAN PUBLIC MUSEUM AND PUBLIC PARK TRUST,CharityList
THE CENTRAL BRITISH FUND FOR WORLD JEWISH RELIEF,CharityList
INTERNATIONAL FELLOWSHIP OF EVANGELICAL STUDENTS,CharityList
TRINITY HOSPICE AND PALLIATIVE CARE SERVICES LTD,CharityList
PARKINSON'S DISEASE SOCIETY OF THE UNITED KINGDOM,CharityList
AMNESTY INTERNATIONAL UK SECTION CHARITABLE TRUST,CharityList
FOOD AND AGRICULTURAL RESEARCH MANAGEMENT LIMITED,CharityList
MIND (THE NATIONAL ASSOCIATION FOR MENTAL HEALTH),CharityList
THE ALICE ELLEN COOPER-DEAN CHARITABLE FOUNDATION,CharityList
THE ROYAL AIR FORCES ASSOCIATION - CORPORATE BODY,CharityList
THE INTERNATIONAL INSTITUTE FOR STRATEGIC STUDIES,CharityList
NORTHERN POLICE CONVALESCENT AND TREATMENT CENTRE,CharityList
NATIONAL COAL MINING MUSEUM FOR ENGLAND TRUST LTD,CharityList
CENTRE FOR ALTERNATIVE TECHNOLOGY CHARITY LIMITED,CharityList
ST LUKE'S HOSPICE (BASILDON AND DISTRICT) LIMITED,CharityList
"THE ROYAL SHAKESPEARE COMPANY, STRATFORD-UPON-AVON",CharityList
ROMAN CATHOLIC DIOCESE OF SOUTHWARK DIOCESAN TRUST,CharityList
SOUTH ENGLAND CONFERENCE OF SEVENTH DAY ADVENTISTS,CharityList
SOUTHWELL AND NOTTINGHAM DIOCESAN BOARD OF FINANCE,CharityList
NORTH ENGLAND CONFERENCE OF SEVENTH-DAY ADVENTISTS,CharityList
BRITISH UNION CONFERENCE OF SEVENTH-DAY ADVENTISTS,CharityList
BARTS AND THE LONDON CHARITY AND RELATED CHARITIES,CharityList
THE TELZ TALMUDICAL ACADEMY AND TALMUD TORAH TRUST,CharityList
THE GREAT ORMOND STREET HOSPITAL CHILDREN'S CHARITY,CharityList
THE ROCHESTER DIOCESAN SOCIETY AND BOARD OF FINANCE,CharityList
THE LINCOLN DIOCESAN TRUST AND BOARD OF FINANCE LTD,CharityList
THE AMERICAN SCHOOL IN LONDON EDUCATIONAL TRUST LTD,CharityList
ST EDMUNDSBURY AND IPSWICH DIOCESAN BOARD OF FINANCE,CharityList
DAFT AS A BRUSH CANCER PATIENT CARE CHARITABLE TRUST,CharityList
HAMPSHIRE AND THE ISLE OF WIGHT COMMUNITY FOUNDATION,CharityList
PROFESSIONAL FOOTBALLERS ASSOCIATION EDUCATIONAL FUND,CharityList
"SENSE, THE NATIONAL DEAFBLIND AND RUBELLA ASSOCIATION",CharityList
MEDICAL FOUNDATION FOR THE CARE OF VICTIMS OF TORTURE,CharityList
BRITISH FRIENDS OF THE HEBREW UNIVERSITY OF JERUSALEM,CharityList
THE AMERICAN SCHOOL IN LONDON FOUNDATION (UK) LIMITED,CharityList
ROYAL BROMPTON AND HAREFIELD HOSPITAL CHARITABLE FUND,CharityList
ROYAL SOCIETY FOR THE PREVENTION OF CRUELTY TO ANIMALS,CharityList
"SHELTER, NATIONAL CAMPAIGN FOR HOMELESS PEOPLE LIMITED",CharityList
THE BLUE CROSS (INCORPORATING OUR DUMB FRIENDS LEAGUE),CharityList
THE LICHFIELD DIOCESAN BOARD OF FINANCE (INCORPORATED),CharityList
THE MAURICE AND VIVIENNE WOHL PHILANTHROPIC FOUNDATION,CharityList
BRITISH LIMBLESS EX-SERVICE MEN'S ASSOCIATION (BLESMA),CharityList
EAST AND NORTH HERTFORDSHIRE NHS TRUST CHARITABLE FUND,CharityList
"ST. GEORGE'S INTERNATIONAL SCHOOL OF MEDICINE, GRENADA",CharityList
THE DUKE OF EDINBURGH'S AWARD INTERNATIONAL FOUNDATION,CharityList
INTERNATIONAL FINANCE FACILITY FOR IMMUNISATION COMPANY,CharityList
THE CONGREGATION OF THE DAUGHTERS OF THE CROSS OF LIEGE,CharityList
INTERNATIONAL SOCIETY FOR KRISHNA CONSCIOUSNESS LIMITED,CharityList
BRITISH EDUCATIONAL COMMUNICATIONS AND TECHNOLOGY AGENCY,CharityList
THE GREENWICH FOUNDATION FOR THE OLD ROYAL NAVAL COLLEGE,CharityList
PORTSMOUTH ROMAN CATHOLIC DIOCESAN TRUST (TRUST PROPERTY),CharityList
BOCHASANWASI SHRI AKSHAR PURUSHOTTAM SWAMINARAYAN SANSTHA,CharityList
"BERKSHIRE, BUCKINGHAMSHIRE AND OXFORDSHIRE WILDLIFE TRUST",CharityList
SOCIETY OF JESUS TRUST OF 1929 FOR ROMAN CATHOLIC PURPOSES,CharityList
THE GUY'S & ST THOMAS' CHARITY AND OTHER RELATED CHARITIES,CharityList
"THE FOUNDATION AND FRIENDS OF THE ROYAL BOTANIC GARDENS,KEW",CharityList
THE GREATER MANCHESTER MUSEUM OF SCIENCE AND INDUSTRY TRUST,CharityList
COMMUNITY FOUNDATION SERVING TYNE & WEAR AND NORTHUMBERLAND,CharityList
THE ANTHONY AND PATRICIA MASCOLO 2006 CHARITABLE FOUNDATION,CharityList
PALESTINE ASSOCIATION FOR CHILDRENS ENCOURAGEMENT OF SPORTS,CharityList
EGLWYS BRESBYTERAIDD CYMRU - THE PRESBYTERIAN CHURCH OF WALES,CharityList
PEOPLE FOR THE ETHICAL TREATMENT OF ANIMALS (PETA) FOUNDATION,CharityList
THE ENGLISH PROVINCE OF THE SISTERS OF SAINT JOSEPH OF ANNECY,CharityList
THE NATIONAL SOCIETY FOR THE PREVENTION OF CRUELTY TO CHILDREN,CharityList
MUSCULAR DYSTROPHY GROUP OF GREAT BRITAIN AND NORTHERN IRELAND,CharityList
THE CHURCH OF JESUS CHRIST OF LATTER-DAY SAINTS (GREAT BRITAIN),CharityList
THE CHICHESTER DIOCESAN FUND AND BOARD OF FINANCE (INCORPORATED),CharityList
ST MICHAEL'S HOSPICE (INCORPORATING THE FREDA PEARCE FOUNDATION),CharityList
THE KEEPERS AND GOVERNORS OF THE FREE GRAMMAR SCHOOL OF JOHN LYON,CharityList
THE WORLD FEDERATION OF KHOJA SHIA ITHNA-ASHERI MUSLIM COMMUNITIES,CharityList
SOUTH YORKSHIRE VOLUNTARY AND COMMUNITY SECTOR TRAINING CONSORTIUM,CharityList
THE LINCOLNSHIRE AND NOTTINGHAMSHIRE AIR AMBULANCE CHARITABLE TRUST,CharityList
THE NATIONAL TRUST FOR PLACES OF HISTORIC INTEREST OR NATURAL BEAUTY,CharityList
THE MULTIPLE SCLEROSIS SOCIETY OF GREAT BRITAIN AND NORTHERN IRELAND,CharityList
THE SOUTH LONDON CHURCH FUND AND SOUTHWARK DIOCESAN BOARD OF FINANCE,CharityList
BRITAIN YEARLY MEETING OF THE RELIGIOUS SOCIETY OF FRIENDS (QUAKERS),CharityList
"THE SOLDIERS, SAILORS, AIRMEN AND FAMILIES ASSOCIATION - FORCES HELP",CharityList
CENTRAL MANCHESTER UNIVERSITY HOSPITALS NHS FOUNDATION TRUST CHARITY,CharityList
THE CONGREGATION OF THE LITTLE SISTERS OF THE POOR - ENGLISH PROVINCE,CharityList
NATIONAL COUNCIL OF YOUNG MEN'S CHRISTIAN ASSOCIATIONS (INCORPORATED),CharityList
THE ROYAL INSTITUTION OF CHARTERED SURVEYORS' BENEVOLENT FUND LIMITED,CharityList
OXFORD RADCLIFFE HOSPITALS CHARITABLE FUND AND OTHER RELATED CHARITIES,CharityList
ROYAL GEOGRAPHICAL SOCIETY (WITH THE INSTITUTE OF BRITISH GEOGRAPHERS),CharityList
LEICESTERSHIRE & RUTLAND ORGANISATION FOR THE RELIEF OF SUFFERING LIMITED,CharityList
"THE LEPROSY MISSION ENGLAND, WALES, THE CHANNEL ISLANDS AND THE ISLE OF MAN",CharityList
CHARITIES ADMINISTERED IN CONNECTION WITH THE ROYAL MARSDEN HOSPITAL NHS TRUST,CharityList
"RSA (THE ROYAL SOCIETY FOR THE ENCOURAGEMENT OF ARTS, MANUFACTURES AND COMMERCE)",CharityList
THE HOWARD LEAGUE FOR PENAL REFORM (INCORPORATING THE HOWARD CENTRE FOR PENOLOGY),CharityList
"THE PAROCHIAL CHURCH COUNCIL OF THE ECCLESIASTICAL PARISH OF ST HELEN, BISHOPSGATE",CharityList
THE PAROCHIAL CHURCH COUNCIL OF THE ECCLESIASTICAL PARISH OF ALL SAINTS WOODFORD WELLS,CharityList
CHARITABLE TRUSTS OF THE CONGREGATION OF FRANCISCAN MISSIONARIES OF THE DIVINE MOTHERHOOD,CharityList
"THE PAROCHIAL CHURCH COUNCIL OF THE ECCLESIASTICAL PARISH OF ALL SOULS, LANGHAM PLACE, LONDON",CharityList
THE ROYAL SOCIETY OF LONDON FOR IMPROVING NATURAL KNOWLEDGE (COMMONLY KNOWN AS THE ROYAL SOCIETY),CharityList
THE PRIORY OF ENGLAND AND THE ISLANDS OF THE MOST VENERABLE ORDER OF THE HOSPITAL OF ST. JOHN OF JERUSALEM,CharityList
THE PAROCHIAL CHURCH COUNCIL OF THE ECCLESIASTICAL PARISH OF HOLY TRINITY BROMPTON WITH SAINT PAUL ONSLOW SQUARE,CharityList
WESTMINSTER ROMAN CATHOLIC DIOCESAN TRUST AND OTHER TRUST FUNDS ADMINISTERED BY THE WESTMINSTER ROMAN CATHOLIC DIOCESAN TRUSTEE,CharityList
memorial,General
bequest,General
association,General
Trust,General
Trusts,General
Charity,General
society,General
Endowment,General
Foundation,General
Charitable,General
JISC,Manual
Royal College,Manual
Royal Society,Manual
Wellcome Trust,Manual
British Academy,Manual
Leverhulme Trust,Manual
Nuffield Foundation,Manual
Funds for Women Graduates,Manual
Royal Academy of Engineering,Manual
Joint Information Systems Committee,Manual
cambridge commonwealth,Manual
prins bernard cultuurfonds,Manual
british federation women graduates,Manual
fight for sight,Manual
royal anthropological institute,Manual
worshipful company,Manual
Action for A-T,AMRC
Action Medical Research,AMRC
Action on Hearing Loss,AMRC
Against Breast Cancer,AMRC
Alcohol Research UK,AMRC
Alzheimer’s Research UK,AMRC
Alzheimer’s Society,AMRC
Anthony Nolan,AMRC
Antibiotic Research UK,AMRC
Arthritis Research UK,AMRC
Asthma UK,AMRC
Ataxia-Telangiectasia Society,AMRC
Ataxia UK,AMRC
Autistica,AMRC
Bliss,AMRC
Bloodwise,AMRC
Bone Cancer Research Trust,AMRC
Borne,AMRC
Bowel &amp; Cancer Research,AMRC
Bowel Cancer UK,AMRC
Bowel Disease Research Foundation,AMRC
BRACE,AMRC
Brain Research UK,AMRC
Brain Tumour Research,AMRC
Breast Cancer Now,AMRC
BACP,AMRC
British Council for Prevention of Blindness,AMRC
British Heart Foundation,AMRC
British Journal of Anaesthesia,AMRC
British Lung Foundation,AMRC
British Scoliosis Research Foundation,AMRC
British Sjögren’s Syndrome Association,AMRC
British Skin Foundation,AMRC
British Society For Research on Ageing,AMRC
Brittle Bone Society,AMRC
Cancer Research UK,AMRC
CSP Charitable Trust,AMRC
Chest Heart &amp; Stroke Scotland,AMRC
Childhood Eye Cancer Trust,AMRC
Children with Cancer UK,AMRC
Children’s Cancer and Leukaemia Group,AMRC
Children’s Liver Disease Foundation,AMRC
Chronic Disease Research Foundation,AMRC
Chronic Granulomatous Disorder Society,AMRC
Crohn’s &amp; Colitis UK,AMRC
Crohn’s in Childhood Research Association,AMRC
Cystic Fibrosis Trust,AMRC
DEBRA,AMRC
Diabetes Research &amp; Wellness Foundation,AMRC
Diabetes UK,AMRC
Dunhill Medical Trust,AMRC
Epilepsy Action,AMRC
Epilepsy Research UK,AMRC
Fight for Sight,AMRC
Foundation for Liver Research,AMRC
Friends of EORTC,AMRC
Glasgow Children’s Hospital Charity,AMRC
Great Ormond Street Hospital Charity,AMRC
Guts UK,AMRC
Guy’s and St Thomas’ Charity,AMRC
Heart Research UK,AMRC
INSPIRE Foundation,AMRC
JDRF,AMRC
Kidney Research UK,AMRC
Leuka,AMRC
Leukaemia Lymphoma NI,AMRC
Leukaemia Lymphoma research,AMRC
Lister Institute of Preventive Medicine,AMRC
Ludwig Institute for Cancer Research,AMRC
Macmillan Cancer Support,AMRC
Macular Society,AMRC
Medical Research Scotland,AMRC
Meningitis Now,AMRC
Meningitis Research Foundation,AMRC
Migraine Trust,AMRC
MND Association,AMRC
MQ: Transforming Mental Health,AMRC
MS Society,AMRC
Multiple System Atrophy Trust,AMRC
Muscular Dystrophy UK,AMRC
Myeloma UK,AMRC
National Eye Research Centre,AMRC
National Osteoporosis Society,AMRC
Neuroblastoma UK,AMRC
Neurosciences Research Foundation,AMRC
Niemann-Pick Research Foundation,AMRC
North West Cancer Research,AMRC
Northern Ireland Chest Heart and Stroke,AMRC
Novo Nordisk UK Research Foundation,AMRC
Orthopaedic Research UK,AMRC
Ovarian Cancer Action,AMRC
Pancreatic Cancer Action,AMRC
Pancreatic Cancer Research Fund,AMRC
Pancreatic Cancer UK,AMRC
Parkinson’s UK,AMRC
Pelican Cancer Foundation,AMRC
Pharmacy Research UK,AMRC
Prostate Cancer Research Centre,AMRC
Prostate Cancer UK,AMRC
Psoriasis Association,AMRC
RAFT,AMRC
Restore,AMRC
Reverse Rett,AMRC
Rosetrees Trust,AMRC
Royal College of Surgeons of England,AMRC
Royal Hospital for Neuro-disability,AMRC
RP Fighting Blindness,AMRC
Sands,AMRC
Sarcoma UK,AMRC
Scleroderma &amp; Raynaud’s UK,AMRC
Sir Jules Thorn Charitable Trust,AMRC
SMA Trust,AMRC
Society for Endocrinology,AMRC
Sparks,AMRC
Spinal Research,AMRC
Stoke Mandeville Spinal Research,AMRC
Stroke Association,AMRC
Target Ovarian Cancer,AMRC
Tenovus Cancer Care,AMRC
The Abbeyfield Research Foundation,AMRC
The Brain Tumour Charity,AMRC
The British Pain Society,AMRC
The Cure Parkinson’s Trust,AMRC
The Encephalitis Society,AMRC
The Kidney Fund,AMRC
The Lewy Body Society,AMRC
The Lullaby Trust,AMRC
The PBC Foundation,AMRC
The PSP Association,AMRC
The Royal College of Anaesthetists,AMRC
The Scar Free Foundation,AMRC
The Urology Foundation,AMRC
Tommy’s,AMRC
Tourettes action,AMRC
Tuberous Sclerosis Association,AMRC
Wellbeing of Women,AMRC
Wellcome Trust,AMRC
Wessex Medical Trust,AMRC
William Harvey Research Foundation,AMRC
World Cancer Research Fund,AMRC
Worldwide Cancer Research,AMRC
Yorkshire Cancer Research,AMRC
